<?xml version="1.0" encoding="UTF-8"?>
<!DOCTYPE suite SYSTEM "http://testng.org/testng-1.0.dtd">
<suite name="TestSuite" thread-count="1">
	<test name="Test1">
	    <parameter name="url" value="https://opensource-demo.orangehrmlive.com/index.php/auth/login" />
		<parameter name="uname" value="Admin" />
		<parameter name="upass" value="admin123" />
		<classes>
      <class name="pk_orange_hrm.OrangeHRM_Login_Parameters"/>
		</classes>
	</test> <!-- Test -->
	<test name="Test2">
	    <parameter name="url" value="https://opensource-demo.orangehrmlive.com/index.php/auth/login" />
		<parameter name="uname" value="abhikdixit" />
		<parameter name="upass" value="test@1234" />
		<classes>
      <class name="pk_orange_hrm.OrangeHRM_Login_Parameters"/>
		</classes>
	</test> <!-- Test -->
	<test name="Test3">
	    <parameter name="url" value="https://opensource-demo.orangehrmlive.com/index.php/auth/login" />
		<parameter name="uname" value="vishalcgi" />
		<parameter name="upass" value="pass@1234" />
		<classes>
      <class name="pk_orange_hrm.OrangeHRM_Login_Parameters"/>
		</classes>
	</test> <!-- Test -->
</suite> <!-- Suite -->